<?xml version="1.0" encoding="utf-8" ?>
<dwsync>
<file name="JSON.as" server="119.235.18.7//sites/cnplus.biz/www/cnplus-c2ms/" local="128704228340000000" remote="129460150800000000" />
<file name="JSONDecoder.as" server="119.235.18.7//sites/cnplus.biz/www/cnplus-c2ms/" local="128704228340000000" remote="129460150800000000" />
<file name="JSONEncoder.as" server="119.235.18.7//sites/cnplus.biz/www/cnplus-c2ms/" local="128704228340000000" remote="129460150800000000" />
<file name="JSONParseError.as" server="119.235.18.7//sites/cnplus.biz/www/cnplus-c2ms/" local="128704228340000000" remote="129460150800000000" />
<file name="JSONToken.as" server="119.235.18.7//sites/cnplus.biz/www/cnplus-c2ms/" local="128704228340000000" remote="129460150800000000" />
<file name="JSONTokenizer.as" server="119.235.18.7//sites/cnplus.biz/www/cnplus-c2ms/" local="128704228340000000" remote="129460150800000000" />
<file name="JSONTokenType.as" server="119.235.18.7//sites/cnplus.biz/www/cnplus-c2ms/" local="128704228340000000" remote="129460150800000000" />
<file name="JSON.as" server="pilarpresisi.com//public_html/" local="128704228340000000" remote="129502561800000000" />
<file name="JSONDecoder.as" server="pilarpresisi.com//public_html/" local="128704228340000000" remote="129502561800000000" />
<file name="JSONEncoder.as" server="pilarpresisi.com//public_html/" local="128704228340000000" remote="129502561800000000" />
<file name="JSONParseError.as" server="pilarpresisi.com//public_html/" local="128704228340000000" remote="129502561800000000" />
<file name="JSONToken.as" server="pilarpresisi.com//public_html/" local="128704228340000000" remote="129502561800000000" />
<file name="JSONTokenizer.as" server="pilarpresisi.com//public_html/" local="128704228340000000" remote="129502562400000000" />
<file name="JSONTokenType.as" server="pilarpresisi.com//public_html/" local="128704228340000000" remote="129502562400000000" />
<file name="JSON.as" server="D:/Project/xampp/htdocs/spc_crm/" local="128704228340000000" remote="128704228340000000" />
<file name="JSONDecoder.as" server="D:/Project/xampp/htdocs/spc_crm/" local="128704228340000000" remote="128704228340000000" />
<file name="JSONEncoder.as" server="D:/Project/xampp/htdocs/spc_crm/" local="128704228340000000" remote="128704228340000000" />
<file name="JSONParseError.as" server="D:/Project/xampp/htdocs/spc_crm/" local="128704228340000000" remote="128704228340000000" />
<file name="JSONToken.as" server="D:/Project/xampp/htdocs/spc_crm/" local="128704228340000000" remote="128704228340000000" />
<file name="JSONTokenizer.as" server="D:/Project/xampp/htdocs/spc_crm/" local="128704228340000000" remote="128704228340000000" />
<file name="JSONTokenType.as" server="D:/Project/xampp/htdocs/spc_crm/" local="128704228340000000" remote="128704228340000000" />
<file name="JSON.as" server="cnplus.biz/sites/cnplus.biz/www/spc-crm/" local="128704228340000000" remote="129515377800000000" />
<file name="JSONDecoder.as" server="cnplus.biz/sites/cnplus.biz/www/spc-crm/" local="128704228340000000" remote="129515377800000000" />
<file name="JSONEncoder.as" server="cnplus.biz/sites/cnplus.biz/www/spc-crm/" local="128704228340000000" remote="129515377800000000" />
<file name="JSONParseError.as" server="cnplus.biz/sites/cnplus.biz/www/spc-crm/" local="128704228340000000" remote="129515377800000000" />
<file name="JSONToken.as" server="cnplus.biz/sites/cnplus.biz/www/spc-crm/" local="128704228340000000" remote="129515377800000000" />
<file name="JSONTokenizer.as" server="cnplus.biz/sites/cnplus.biz/www/spc-crm/" local="128704228340000000" remote="129515377800000000" />
<file name="JSONTokenType.as" server="cnplus.biz/sites/cnplus.biz/www/spc-crm/" local="128704228340000000" remote="129515377800000000" />
<file name="JSON.as" server="ftp.spc-crm.com/public_html/" local="128704228340000000" remote="129527068800000000" />
<file name="JSONParseError.as" server="ftp.spc-crm.com/public_html/" local="128704228340000000" remote="129527068800000000" />
<file name="JSONToken.as" server="ftp.spc-crm.com/public_html/" local="128704228340000000" remote="129527069400000000" />
<file name="JSONTokenizer.as" server="ftp.spc-crm.com/public_html/" local="128704228340000000" remote="129527069400000000" />
<file name="JSONTokenType.as" server="ftp.spc-crm.com/public_html/" local="128704228340000000" remote="129527069400000000" />
</dwsync>