<?xml version="1.0" encoding="utf-8" ?>
<dwsync>
<file name="ServiceBase.as" server="119.235.18.7//sites/cnplus.biz/www/cnplus-c2ms/" local="128704228340000000" remote="129460150800000000" />
<file name="URLLoaderBase.as" server="119.235.18.7//sites/cnplus.biz/www/cnplus-c2ms/" local="128704228340000000" remote="129460150800000000" />
<file name="ServiceBase.as" server="pilarpresisi.com//public_html/" local="128704228340000000" remote="129502563000000000" />
<file name="URLLoaderBase.as" server="pilarpresisi.com//public_html/" local="128704228340000000" remote="129502563000000000" />
<file name="ServiceBase.as" server="D:/Project/xampp/htdocs/spc_crm/" local="128704228340000000" remote="128704228340000000" />
<file name="URLLoaderBase.as" server="D:/Project/xampp/htdocs/spc_crm/" local="128704228340000000" remote="128704228340000000" />
<file name="ServiceBase.as" server="cnplus.biz/sites/cnplus.biz/www/spc-crm/" local="128704228340000000" remote="129515377800000000" />
<file name="URLLoaderBase.as" server="cnplus.biz/sites/cnplus.biz/www/spc-crm/" local="128704228340000000" remote="129515377800000000" />
</dwsync>