<?xml version="1.0" encoding="utf-8" ?>
<dwsync>
<file name="jqimageroller.css" server="D:/Project/xampp/htdocs/ppi/" local="129496071511478789" remote="129496071510000000" />
<file name="jquery-ui-1.8.6.custom.css" server="D:/Project/xampp/htdocs/ppi/" local="129406570800000000" remote="129406570800000000" />
<file name="jqimageroller.css" server="pilarpresisi.com//public_html/" local="129504310651848201" remote="129504311400000000" />
<file name="jquery-ui-1.8.6.custom.css" server="pilarpresisi.com//public_html/" local="129406570800000000" remote="129502617000000000" />
<file name="jquery-ui-1.8.11.custom.css" server="pilarpresisi.com//public_html/" local="129499571709737455" remote="129502617000000000" />
<file name="jqimageroller.css" server="D:/Project/xampp/htdocs/spc_crm/" local="129504310651848201" remote="129504310650000000" />
<file name="jquery-ui-1.8.11.custom.css" server="D:/Project/xampp/htdocs/spc_crm/" local="129499571709737455" remote="129499571700000000" />
<file name="jquery-ui-1.8.13.custom.css" server="D:/Project/xampp/htdocs/spc_crm/" local="129508753757676337" remote="129508753750000000" />
<file name="jquery-ui-1.8.6.custom.css" server="D:/Project/xampp/htdocs/spc_crm/" local="129406570800000000" remote="129406570800000000" />
<file name="spc_crm.css" server="D:/Project/xampp/htdocs/spc_crm/" local="129506542245300855" remote="129506542240000000" />
<file name="spc_crm_main.css" server="D:/Project/xampp/htdocs/spc_crm/" local="129515615618310312" remote="129515615610000000" />
<file name="jqimageroller.css" server="cnplus.biz/sites/cnplus.biz/www/spc-crm/" local="129504310651848201" remote="129519639600000000" />
<file name="jquery-ui-1.8.11.custom.css" server="cnplus.biz/sites/cnplus.biz/www/spc-crm/" local="129499571709737455" remote="129519640200000000" />
<file name="jquery-ui-1.8.13.custom.css" server="cnplus.biz/sites/cnplus.biz/www/spc-crm/" local="129517401882096309" remote="129519640200000000" />
<file name="jquery-ui-1.8.6.custom.css" server="cnplus.biz/sites/cnplus.biz/www/spc-crm/" local="129406570800000000" remote="129519640800000000" />
<file name="spc_crm.css" server="cnplus.biz/sites/cnplus.biz/www/spc-crm/" local="129506542245300855" remote="129519640800000000" />
<file name="spc_crm_main.css" server="cnplus.biz/sites/cnplus.biz/www/spc-crm/" local="129519081197631509" remote="129519640800000000" />
<file name="demo_page.css" server="cnplus.biz/sites/cnplus.biz/www/spc-crm/" local="129435414000000000" remote="129519639600000000" />
<file name="demo_table.css" server="cnplus.biz/sites/cnplus.biz/www/spc-crm/" local="129435414000000000" remote="129519639600000000" />
<file name="demo_table_jui.css" server="cnplus.biz/sites/cnplus.biz/www/spc-crm/" local="129520392794444745" remote="129520463400000000" />
<file name="uploadify.css" server="cnplus.biz/sites/cnplus.biz/www/spc-crm/" local="129375998440000000" remote="129522280800000000" />
<file name="demo_page.css" server="ftp.spc-crm.com/public_html/" local="129435414000000000" remote="129526923000000000" />
<file name="demo_table.css" server="ftp.spc-crm.com/public_html/" local="129435414000000000" remote="129526923600000000" />
<file name="demo_table_jui.css" server="ftp.spc-crm.com/public_html/" local="129520392794444745" remote="129526923600000000" />
<file name="jqimageroller.css" server="ftp.spc-crm.com/public_html/" local="129504310651848201" remote="129526924200000000" />
<file name="jquery-ui-1.8.11.custom.css" server="ftp.spc-crm.com/public_html/" local="129499571709737455" remote="129526924800000000" />
<file name="jquery-ui-1.8.13.custom.css" server="ftp.spc-crm.com/public_html/" local="129517401882096309" remote="129526924800000000" />
<file name="jquery-ui-1.8.6.custom.css" server="ftp.spc-crm.com/public_html/" local="129406570800000000" remote="129526925400000000" />
<file name="spc_crm.css" server="ftp.spc-crm.com/public_html/" local="129506542245300855" remote="129526925400000000" />
<file name="spc_crm_main.css" server="ftp.spc-crm.com/public_html/" local="129526815692811182" remote="129526925400000000" />
<file name="uploadify.css" server="ftp.spc-crm.com/public_html/" local="129375998440000000" remote="129526925400000000" />
<file name="spc_crm_main.css" server="spc-crm.com/public_html/" local="129536891414749690" remote="129537310800000000" />
<file name="jquery-ui-1.8.13.custom.css" server="spc-crm.com/public_html/" local="129534512154707249" remote="129534624600000000" />
</dwsync>