<?xml version="1.0" encoding="utf-8" ?>
<dwsync>
<file name="HMAC.as" server="119.235.18.7//sites/cnplus.biz/www/cnplus-c2ms/" local="128704304960000000" remote="129460150200000000" />
<file name="MD5.as" server="119.235.18.7//sites/cnplus.biz/www/cnplus-c2ms/" local="128704228320000000" remote="129460150200000000" />
<file name="MD5Stream.as" server="119.235.18.7//sites/cnplus.biz/www/cnplus-c2ms/" local="128704228320000000" remote="129460150200000000" />
<file name="SHA1.as" server="119.235.18.7//sites/cnplus.biz/www/cnplus-c2ms/" local="128704294080000000" remote="129460150200000000" />
<file name="SHA224.as" server="119.235.18.7//sites/cnplus.biz/www/cnplus-c2ms/" local="128704228320000000" remote="129460150200000000" />
<file name="SHA256.as" server="119.235.18.7//sites/cnplus.biz/www/cnplus-c2ms/" local="128704228320000000" remote="129460150200000000" />
<file name="WSSEUsernameToken.as" server="119.235.18.7//sites/cnplus.biz/www/cnplus-c2ms/" local="128704228320000000" remote="129460150200000000" />
<file name="HMAC.as" server="pilarpresisi.com//public_html/" local="128704304960000000" remote="129502558800000000" />
<file name="MD5.as" server="pilarpresisi.com//public_html/" local="128704228320000000" remote="129502559400000000" />
<file name="MD5Stream.as" server="pilarpresisi.com//public_html/" local="128704228320000000" remote="129502559400000000" />
<file name="SHA1.as" server="pilarpresisi.com//public_html/" local="128704294080000000" remote="129502559400000000" />
<file name="SHA224.as" server="pilarpresisi.com//public_html/" local="128704228320000000" remote="129502559400000000" />
<file name="SHA256.as" server="pilarpresisi.com//public_html/" local="128704228320000000" remote="129502559400000000" />
<file name="WSSEUsernameToken.as" server="pilarpresisi.com//public_html/" local="128704228320000000" remote="129502559400000000" />
<file name="HMAC.as" server="D:/Project/xampp/htdocs/spc_crm/" local="128704304960000000" remote="128704304960000000" />
<file name="MD5.as" server="D:/Project/xampp/htdocs/spc_crm/" local="128704228320000000" remote="128704228320000000" />
<file name="MD5Stream.as" server="D:/Project/xampp/htdocs/spc_crm/" local="128704228320000000" remote="128704228320000000" />
<file name="SHA1.as" server="D:/Project/xampp/htdocs/spc_crm/" local="128704294080000000" remote="128704294080000000" />
<file name="SHA224.as" server="D:/Project/xampp/htdocs/spc_crm/" local="128704228320000000" remote="128704228320000000" />
<file name="SHA256.as" server="D:/Project/xampp/htdocs/spc_crm/" local="128704228320000000" remote="128704228320000000" />
<file name="WSSEUsernameToken.as" server="D:/Project/xampp/htdocs/spc_crm/" local="128704228320000000" remote="128704228320000000" />
<file name="HMAC.as" server="cnplus.biz/sites/cnplus.biz/www/spc-crm/" local="128704304960000000" remote="129515377200000000" />
<file name="MD5.as" server="cnplus.biz/sites/cnplus.biz/www/spc-crm/" local="128704228320000000" remote="129515377200000000" />
<file name="MD5Stream.as" server="cnplus.biz/sites/cnplus.biz/www/spc-crm/" local="128704228320000000" remote="129515377200000000" />
<file name="SHA1.as" server="cnplus.biz/sites/cnplus.biz/www/spc-crm/" local="128704294080000000" remote="129515377200000000" />
<file name="SHA224.as" server="cnplus.biz/sites/cnplus.biz/www/spc-crm/" local="128704228320000000" remote="129515377200000000" />
<file name="SHA256.as" server="cnplus.biz/sites/cnplus.biz/www/spc-crm/" local="128704228320000000" remote="129515377200000000" />
<file name="WSSEUsernameToken.as" server="cnplus.biz/sites/cnplus.biz/www/spc-crm/" local="128704228320000000" remote="129515377200000000" />
<file name="HMAC.as" server="ftp.spc-crm.com/public_html/" local="128704304960000000" remote="129527065800000000" />
<file name="MD5.as" server="ftp.spc-crm.com/public_html/" local="128704228320000000" remote="129527065800000000" />
<file name="MD5Stream.as" server="ftp.spc-crm.com/public_html/" local="128704228320000000" remote="129527066400000000" />
<file name="SHA1.as" server="ftp.spc-crm.com/public_html/" local="128704294080000000" remote="129527066400000000" />
<file name="SHA224.as" server="ftp.spc-crm.com/public_html/" local="128704228320000000" remote="129527066400000000" />
<file name="SHA256.as" server="ftp.spc-crm.com/public_html/" local="128704228320000000" remote="129527066400000000" />
<file name="WSSEUsernameToken.as" server="ftp.spc-crm.com/public_html/" local="128704228320000000" remote="129527066400000000" />
</dwsync>