<?xml version="1.0" encoding="utf-8" ?>
<dwsync>
<file name="DynamicURLLoader.as" server="119.235.18.7//sites/cnplus.biz/www/cnplus-c2ms/" local="128704228340000000" remote="129460150200000000" />
<file name="IURIResolver.as" server="119.235.18.7//sites/cnplus.biz/www/cnplus-c2ms/" local="128704228340000000" remote="129460150200000000" />
<file name="MimeTypeMap.as" server="119.235.18.7//sites/cnplus.biz/www/cnplus-c2ms/" local="128704228340000000" remote="129460150200000000" />
<file name="URI.as" server="119.235.18.7//sites/cnplus.biz/www/cnplus-c2ms/" local="128704228340000000" remote="129460150200000000" />
<file name="URIEncodingBitmap.as" server="119.235.18.7//sites/cnplus.biz/www/cnplus-c2ms/" local="128704228340000000" remote="129460150200000000" />
<file name="DynamicURLLoader.as" server="pilarpresisi.com//public_html/" local="128704228340000000" remote="129502560000000000" />
<file name="IURIResolver.as" server="pilarpresisi.com//public_html/" local="128704228340000000" remote="129502560000000000" />
<file name="MimeTypeMap.as" server="pilarpresisi.com//public_html/" local="128704228340000000" remote="129502560000000000" />
<file name="URI.as" server="pilarpresisi.com//public_html/" local="128704228340000000" remote="129502560600000000" />
<file name="URIEncodingBitmap.as" server="pilarpresisi.com//public_html/" local="128704228340000000" remote="129502560600000000" />
<file name="DynamicURLLoader.as" server="D:/Project/xampp/htdocs/spc_crm/" local="128704228340000000" remote="128704228340000000" />
<file name="IURIResolver.as" server="D:/Project/xampp/htdocs/spc_crm/" local="128704228340000000" remote="128704228340000000" />
<file name="MimeTypeMap.as" server="D:/Project/xampp/htdocs/spc_crm/" local="128704228340000000" remote="128704228340000000" />
<file name="URI.as" server="D:/Project/xampp/htdocs/spc_crm/" local="128704228340000000" remote="128704228340000000" />
<file name="URIEncodingBitmap.as" server="D:/Project/xampp/htdocs/spc_crm/" local="128704228340000000" remote="128704228340000000" />
<file name="DynamicURLLoader.as" server="cnplus.biz/sites/cnplus.biz/www/spc-crm/" local="128704228340000000" remote="129515377800000000" />
<file name="IURIResolver.as" server="cnplus.biz/sites/cnplus.biz/www/spc-crm/" local="128704228340000000" remote="129515377800000000" />
<file name="MimeTypeMap.as" server="cnplus.biz/sites/cnplus.biz/www/spc-crm/" local="128704228340000000" remote="129515377800000000" />
<file name="URI.as" server="cnplus.biz/sites/cnplus.biz/www/spc-crm/" local="128704228340000000" remote="129515377800000000" />
<file name="URIEncodingBitmap.as" server="cnplus.biz/sites/cnplus.biz/www/spc-crm/" local="128704228340000000" remote="129515377800000000" />
<file name="DynamicURLLoader.as" server="ftp.spc-crm.com/public_html/" local="128704228340000000" remote="129527067000000000" />
<file name="IURIResolver.as" server="ftp.spc-crm.com/public_html/" local="128704228340000000" remote="129527067000000000" />
<file name="MimeTypeMap.as" server="ftp.spc-crm.com/public_html/" local="128704228340000000" remote="129527067000000000" />
<file name="URI.as" server="ftp.spc-crm.com/public_html/" local="128704228340000000" remote="129527068200000000" />
<file name="URIEncodingBitmap.as" server="ftp.spc-crm.com/public_html/" local="128704228340000000" remote="129527068200000000" />
</dwsync>