<?xml version="1.0" encoding="utf-8" ?>
<dwsync>
<file name="ArrayUtil.as" server="119.235.18.7//sites/cnplus.biz/www/cnplus-c2ms/" local="128704228320000000" remote="129460150800000000" />
<file name="DateUtil.as" server="119.235.18.7//sites/cnplus.biz/www/cnplus-c2ms/" local="128704228320000000" remote="129460150800000000" />
<file name="DictionaryUtil.as" server="119.235.18.7//sites/cnplus.biz/www/cnplus-c2ms/" local="128704228320000000" remote="129460150800000000" />
<file name="IntUtil.as" server="119.235.18.7//sites/cnplus.biz/www/cnplus-c2ms/" local="128704228320000000" remote="129460150800000000" />
<file name="NumberFormatter.as" server="119.235.18.7//sites/cnplus.biz/www/cnplus-c2ms/" local="128704228320000000" remote="129460150800000000" />
<file name="StringUtil.as" server="119.235.18.7//sites/cnplus.biz/www/cnplus-c2ms/" local="128704228320000000" remote="129460150800000000" />
<file name="XMLUtil.as" server="119.235.18.7//sites/cnplus.biz/www/cnplus-c2ms/" local="128704228320000000" remote="129460150800000000" />
<file name="ArrayUtil.as" server="pilarpresisi.com//public_html/" local="128704228320000000" remote="129502562400000000" />
<file name="DateUtil.as" server="pilarpresisi.com//public_html/" local="128704228320000000" remote="129502562400000000" />
<file name="DictionaryUtil.as" server="pilarpresisi.com//public_html/" local="128704228320000000" remote="129502562400000000" />
<file name="IntUtil.as" server="pilarpresisi.com//public_html/" local="128704228320000000" remote="129502562400000000" />
<file name="NumberFormatter.as" server="pilarpresisi.com//public_html/" local="128704228320000000" remote="129502562400000000" />
<file name="StringUtil.as" server="pilarpresisi.com//public_html/" local="128704228320000000" remote="129502562400000000" />
<file name="XMLUtil.as" server="pilarpresisi.com//public_html/" local="128704228320000000" remote="129502562400000000" />
<file name="ArrayUtil.as" server="D:/Project/xampp/htdocs/spc_crm/" local="128704228320000000" remote="128704228320000000" />
<file name="DateUtil.as" server="D:/Project/xampp/htdocs/spc_crm/" local="128704228320000000" remote="128704228320000000" />
<file name="DictionaryUtil.as" server="D:/Project/xampp/htdocs/spc_crm/" local="128704228320000000" remote="128704228320000000" />
<file name="IntUtil.as" server="D:/Project/xampp/htdocs/spc_crm/" local="128704228320000000" remote="128704228320000000" />
<file name="NumberFormatter.as" server="D:/Project/xampp/htdocs/spc_crm/" local="128704228320000000" remote="128704228320000000" />
<file name="StringUtil.as" server="D:/Project/xampp/htdocs/spc_crm/" local="128704228320000000" remote="128704228320000000" />
<file name="XMLUtil.as" server="D:/Project/xampp/htdocs/spc_crm/" local="128704228320000000" remote="128704228320000000" />
<file name="ArrayUtil.as" server="cnplus.biz/sites/cnplus.biz/www/spc-crm/" local="128704228320000000" remote="129515377800000000" />
<file name="DateUtil.as" server="cnplus.biz/sites/cnplus.biz/www/spc-crm/" local="128704228320000000" remote="129515377800000000" />
<file name="DictionaryUtil.as" server="cnplus.biz/sites/cnplus.biz/www/spc-crm/" local="128704228320000000" remote="129515377800000000" />
<file name="IntUtil.as" server="cnplus.biz/sites/cnplus.biz/www/spc-crm/" local="128704228320000000" remote="129515377800000000" />
<file name="NumberFormatter.as" server="cnplus.biz/sites/cnplus.biz/www/spc-crm/" local="128704228320000000" remote="129515377800000000" />
<file name="StringUtil.as" server="cnplus.biz/sites/cnplus.biz/www/spc-crm/" local="128704228320000000" remote="129515377800000000" />
<file name="XMLUtil.as" server="cnplus.biz/sites/cnplus.biz/www/spc-crm/" local="128704228320000000" remote="129515377800000000" />
<file name="ArrayUtil.as" server="ftp.spc-crm.com/public_html/" local="128704228320000000" remote="129527069400000000" />
<file name="DateUtil.as" server="ftp.spc-crm.com/public_html/" local="128704228320000000" remote="129527069400000000" />
<file name="DictionaryUtil.as" server="ftp.spc-crm.com/public_html/" local="128704228320000000" remote="129527069400000000" />
<file name="IntUtil.as" server="ftp.spc-crm.com/public_html/" local="128704228320000000" remote="129527069400000000" />
<file name="NumberFormatter.as" server="ftp.spc-crm.com/public_html/" local="128704228320000000" remote="129527070000000000" />
<file name="StringUtil.as" server="ftp.spc-crm.com/public_html/" local="128704228320000000" remote="129527070000000000" />
<file name="XMLUtil.as" server="ftp.spc-crm.com/public_html/" local="128704228320000000" remote="129527070000000000" />
</dwsync>