<?xml version="1.0" encoding="utf-8" ?>
<dwsync>
<file name="ui-bg_fine-grain_0_aaaaaa_60x60.png" server="pilarpresisi.com//public_html/" local="129470445060000000" remote="129502617000000000" />
<file name="ui-bg_flat_0_aaaaaa_40x100.png" server="pilarpresisi.com//public_html/" local="129353778820000000" remote="129502617000000000" />
<file name="ui-bg_flat_55_fbec88_40x100.png" server="pilarpresisi.com//public_html/" local="129470444920000000" remote="129502617000000000" />
<file name="ui-bg_flat_75_aaaaaa_40x100.png" server="pilarpresisi.com//public_html/" local="129353788700000000" remote="129502617000000000" />
<file name="ui-bg_glass_75_d0e5f5_1x400.png" server="pilarpresisi.com//public_html/" local="129470444920000000" remote="129502617000000000" />
<file name="ui-bg_glass_85_dfeffc_1x400.png" server="pilarpresisi.com//public_html/" local="129470444920000000" remote="129502617000000000" />
<file name="ui-bg_glass_95_fef1ec_1x400.png" server="pilarpresisi.com//public_html/" local="129470444920000000" remote="129502617000000000" />
<file name="ui-bg_gloss-wave_55_5c9ccc_500x100.png" server="pilarpresisi.com//public_html/" local="129353778760000000" remote="129502617000000000" />
<file name="ui-bg_highlight-soft_55_5c9ccc_1x100.png" server="pilarpresisi.com//public_html/" local="129470444920000000" remote="129502617000000000" />
<file name="ui-bg_inset-hard_100_f5f8f9_1x100.png" server="pilarpresisi.com//public_html/" local="129470444920000000" remote="129502617000000000" />
<file name="ui-bg_inset-hard_100_fcfdfd_1x100.png" server="pilarpresisi.com//public_html/" local="129470444920000000" remote="129502617000000000" />
<file name="ui-bg_spotlight_0_aaaaaa_600x600.png" server="pilarpresisi.com//public_html/" local="129470445060000000" remote="129502617000000000" />
<file name="ui-icons_056b93_256x240.png" server="pilarpresisi.com//public_html/" local="129353778020000000" remote="129502617000000000" />
<file name="ui-icons_217bc0_256x240.png" server="pilarpresisi.com//public_html/" local="129470444940000000" remote="129502617000000000" />
<file name="ui-icons_2e83ff_256x240.png" server="pilarpresisi.com//public_html/" local="129470444960000000" remote="129502617000000000" />
<file name="ui-icons_469bdd_256x240.png" server="pilarpresisi.com//public_html/" local="129470444940000000" remote="129502617000000000" />
<file name="ui-icons_6da8d5_256x240.png" server="pilarpresisi.com//public_html/" local="129470444940000000" remote="129502617000000000" />
<file name="ui-icons_cd0a0a_256x240.png" server="pilarpresisi.com//public_html/" local="129470444960000000" remote="129502617000000000" />
<file name="ui-icons_d8e7f3_256x240.png" server="pilarpresisi.com//public_html/" local="129470444940000000" remote="129502617000000000" />
<file name="ui-icons_f9bd01_256x240.png" server="pilarpresisi.com//public_html/" local="129470444960000000" remote="129502617000000000" />
<file name="ui-bg_fine-grain_0_aaaaaa_60x60.png" server="D:/Project/xampp/htdocs/spc_crm/" local="129470445060000000" remote="129470445060000000" />
<file name="ui-bg_flat_0_aaaaaa_40x100.png" server="D:/Project/xampp/htdocs/spc_crm/" local="129508225720000000" remote="129508225720000000" />
<file name="ui-bg_flat_0_eeeeee_40x100.png" server="D:/Project/xampp/htdocs/spc_crm/" local="129508225720000000" remote="129508225720000000" />
<file name="ui-bg_flat_55_fbec88_40x100.png" server="D:/Project/xampp/htdocs/spc_crm/" local="129470444920000000" remote="129470444920000000" />
<file name="ui-bg_flat_55_ffffff_40x100.png" server="D:/Project/xampp/htdocs/spc_crm/" local="129508225720000000" remote="129508225720000000" />
<file name="ui-bg_flat_75_aaaaaa_40x100.png" server="D:/Project/xampp/htdocs/spc_crm/" local="129353788700000000" remote="129353788700000000" />
<file name="ui-bg_flat_75_ffffff_40x100.png" server="D:/Project/xampp/htdocs/spc_crm/" local="129508225720000000" remote="129508225720000000" />
<file name="ui-bg_glass_65_ffffff_1x400.png" server="D:/Project/xampp/htdocs/spc_crm/" local="129508225720000000" remote="129508225720000000" />
<file name="ui-bg_glass_75_d0e5f5_1x400.png" server="D:/Project/xampp/htdocs/spc_crm/" local="129470444920000000" remote="129470444920000000" />
<file name="ui-bg_glass_85_dfeffc_1x400.png" server="D:/Project/xampp/htdocs/spc_crm/" local="129470444920000000" remote="129470444920000000" />
<file name="ui-bg_glass_95_fef1ec_1x400.png" server="D:/Project/xampp/htdocs/spc_crm/" local="129470444920000000" remote="129470444920000000" />
<file name="ui-bg_gloss-wave_55_5c9ccc_500x100.png" server="D:/Project/xampp/htdocs/spc_crm/" local="129353778760000000" remote="129353778760000000" />
<file name="ui-bg_highlight-soft_100_f6f6f6_1x100.png" server="D:/Project/xampp/htdocs/spc_crm/" local="129505592200000000" remote="129505592200000000" />
<file name="ui-bg_highlight-soft_25_0073ea_1x100.png" server="D:/Project/xampp/htdocs/spc_crm/" local="129508225720000000" remote="129508225720000000" />
<file name="ui-bg_highlight-soft_50_dddddd_1x100.png" server="D:/Project/xampp/htdocs/spc_crm/" local="129508225720000000" remote="129508225720000000" />
<file name="ui-bg_highlight-soft_55_5c9ccc_1x100.png" server="D:/Project/xampp/htdocs/spc_crm/" local="129470444920000000" remote="129470444920000000" />
<file name="ui-bg_inset-hard_100_f5f8f9_1x100.png" server="D:/Project/xampp/htdocs/spc_crm/" local="129470444920000000" remote="129470444920000000" />
<file name="ui-bg_inset-hard_100_fcfdfd_1x100.png" server="D:/Project/xampp/htdocs/spc_crm/" local="129470444920000000" remote="129470444920000000" />
<file name="ui-bg_inset-hard_80_f6f6f6_1x100.png" server="D:/Project/xampp/htdocs/spc_crm/" local="129508225720000000" remote="129508225720000000" />
<file name="ui-bg_spotlight_0_aaaaaa_600x600.png" server="D:/Project/xampp/htdocs/spc_crm/" local="129470445060000000" remote="129470445060000000" />
<file name="ui-icons_0073ea_256x240.png" server="D:/Project/xampp/htdocs/spc_crm/" local="129508225720000000" remote="129508225720000000" />
<file name="ui-icons_056b93_256x240.png" server="D:/Project/xampp/htdocs/spc_crm/" local="129353778020000000" remote="129353778020000000" />
<file name="ui-icons_217bc0_256x240.png" server="D:/Project/xampp/htdocs/spc_crm/" local="129470444940000000" remote="129470444940000000" />
<file name="ui-icons_2e83ff_256x240.png" server="D:/Project/xampp/htdocs/spc_crm/" local="129470444960000000" remote="129470444960000000" />
<file name="ui-icons_454545_256x240.png" server="D:/Project/xampp/htdocs/spc_crm/" local="129508225720000000" remote="129508225720000000" />
<file name="ui-icons_469bdd_256x240.png" server="D:/Project/xampp/htdocs/spc_crm/" local="129470444940000000" remote="129470444940000000" />
<file name="ui-icons_666666_256x240.png" server="D:/Project/xampp/htdocs/spc_crm/" local="129508225720000000" remote="129508225720000000" />
<file name="ui-icons_6da8d5_256x240.png" server="D:/Project/xampp/htdocs/spc_crm/" local="129470444940000000" remote="129470444940000000" />
<file name="ui-icons_cd0a0a_256x240.png" server="D:/Project/xampp/htdocs/spc_crm/" local="129470444960000000" remote="129470444960000000" />
<file name="ui-icons_d8e7f3_256x240.png" server="D:/Project/xampp/htdocs/spc_crm/" local="129470444940000000" remote="129470444940000000" />
<file name="ui-icons_f9bd01_256x240.png" server="D:/Project/xampp/htdocs/spc_crm/" local="129470444960000000" remote="129470444960000000" />
<file name="ui-icons_ff0084_256x240.png" server="D:/Project/xampp/htdocs/spc_crm/" local="129508225720000000" remote="129508225720000000" />
<file name="ui-icons_ffffff_256x240.png" server="D:/Project/xampp/htdocs/spc_crm/" local="129508225720000000" remote="129508225720000000" />
<file name="ui-bg_fine-grain_0_aaaaaa_60x60.png" server="cnplus.biz/sites/cnplus.biz/www/spc-crm/" local="129470445060000000" remote="129516218400000000" />
<file name="ui-bg_flat_0_aaaaaa_40x100.png" server="cnplus.biz/sites/cnplus.biz/www/spc-crm/" local="129508225720000000" remote="129516218400000000" />
<file name="ui-bg_flat_0_eeeeee_40x100.png" server="cnplus.biz/sites/cnplus.biz/www/spc-crm/" local="129508225720000000" remote="129516218400000000" />
<file name="ui-bg_flat_55_fbec88_40x100.png" server="cnplus.biz/sites/cnplus.biz/www/spc-crm/" local="129470444920000000" remote="129516218400000000" />
<file name="ui-bg_flat_55_ffffff_40x100.png" server="cnplus.biz/sites/cnplus.biz/www/spc-crm/" local="129508225720000000" remote="129516218400000000" />
<file name="ui-bg_flat_75_aaaaaa_40x100.png" server="cnplus.biz/sites/cnplus.biz/www/spc-crm/" local="129353788700000000" remote="129516218400000000" />
<file name="ui-bg_flat_75_ffffff_40x100.png" server="cnplus.biz/sites/cnplus.biz/www/spc-crm/" local="129508225720000000" remote="129516218400000000" />
<file name="ui-bg_glass_65_ffffff_1x400.png" server="cnplus.biz/sites/cnplus.biz/www/spc-crm/" local="129508225720000000" remote="129516218400000000" />
<file name="ui-bg_glass_75_d0e5f5_1x400.png" server="cnplus.biz/sites/cnplus.biz/www/spc-crm/" local="129470444920000000" remote="129516218400000000" />
<file name="ui-bg_glass_85_dfeffc_1x400.png" server="cnplus.biz/sites/cnplus.biz/www/spc-crm/" local="129470444920000000" remote="129516218400000000" />
<file name="ui-bg_glass_95_fef1ec_1x400.png" server="cnplus.biz/sites/cnplus.biz/www/spc-crm/" local="129470444920000000" remote="129516218400000000" />
<file name="ui-bg_gloss-wave_55_5c9ccc_500x100.png" server="cnplus.biz/sites/cnplus.biz/www/spc-crm/" local="129353778760000000" remote="129516218400000000" />
<file name="ui-bg_highlight-soft_100_f6f6f6_1x100.png" server="cnplus.biz/sites/cnplus.biz/www/spc-crm/" local="129505592200000000" remote="129516218400000000" />
<file name="ui-bg_highlight-soft_25_0073ea_1x100.png" server="cnplus.biz/sites/cnplus.biz/www/spc-crm/" local="129508225720000000" remote="129516218400000000" />
<file name="ui-bg_highlight-soft_50_dddddd_1x100.png" server="cnplus.biz/sites/cnplus.biz/www/spc-crm/" local="129508225720000000" remote="129516218400000000" />
<file name="ui-bg_highlight-soft_55_5c9ccc_1x100.png" server="cnplus.biz/sites/cnplus.biz/www/spc-crm/" local="129470444920000000" remote="129516219000000000" />
<file name="ui-bg_inset-hard_100_f5f8f9_1x100.png" server="cnplus.biz/sites/cnplus.biz/www/spc-crm/" local="129470444920000000" remote="129516219000000000" />
<file name="ui-bg_inset-hard_100_fcfdfd_1x100.png" server="cnplus.biz/sites/cnplus.biz/www/spc-crm/" local="129470444920000000" remote="129516219000000000" />
<file name="ui-bg_inset-hard_80_f6f6f6_1x100.png" server="cnplus.biz/sites/cnplus.biz/www/spc-crm/" local="129508225720000000" remote="129516219000000000" />
<file name="ui-bg_spotlight_0_aaaaaa_600x600.png" server="cnplus.biz/sites/cnplus.biz/www/spc-crm/" local="129470445060000000" remote="129515371200000000" />
<file name="ui-icons_0073ea_256x240.png" server="cnplus.biz/sites/cnplus.biz/www/spc-crm/" local="129508225720000000" remote="129515371200000000" />
<file name="ui-icons_056b93_256x240.png" server="cnplus.biz/sites/cnplus.biz/www/spc-crm/" local="129353778020000000" remote="129515371200000000" />
<file name="ui-icons_217bc0_256x240.png" server="cnplus.biz/sites/cnplus.biz/www/spc-crm/" local="129470444940000000" remote="129515371200000000" />
<file name="ui-icons_2e83ff_256x240.png" server="cnplus.biz/sites/cnplus.biz/www/spc-crm/" local="129470444960000000" remote="129515371200000000" />
<file name="ui-icons_454545_256x240.png" server="cnplus.biz/sites/cnplus.biz/www/spc-crm/" local="129508225720000000" remote="129515371200000000" />
<file name="ui-icons_469bdd_256x240.png" server="cnplus.biz/sites/cnplus.biz/www/spc-crm/" local="129470444940000000" remote="129515371200000000" />
<file name="ui-icons_666666_256x240.png" server="cnplus.biz/sites/cnplus.biz/www/spc-crm/" local="129508225720000000" remote="129515371200000000" />
<file name="ui-icons_6da8d5_256x240.png" server="cnplus.biz/sites/cnplus.biz/www/spc-crm/" local="129470444940000000" remote="129515371200000000" />
<file name="ui-icons_cd0a0a_256x240.png" server="cnplus.biz/sites/cnplus.biz/www/spc-crm/" local="129470444960000000" remote="129515371200000000" />
<file name="ui-icons_d8e7f3_256x240.png" server="cnplus.biz/sites/cnplus.biz/www/spc-crm/" local="129470444940000000" remote="129515371200000000" />
<file name="ui-icons_f9bd01_256x240.png" server="cnplus.biz/sites/cnplus.biz/www/spc-crm/" local="129470444960000000" remote="129515371200000000" />
<file name="ui-icons_ff0084_256x240.png" server="cnplus.biz/sites/cnplus.biz/www/spc-crm/" local="129508225720000000" remote="129515371200000000" />
<file name="ui-icons_ffffff_256x240.png" server="cnplus.biz/sites/cnplus.biz/www/spc-crm/" local="129508225720000000" remote="129515371200000000" />
<file name="ui-bg_fine-grain_0_aaaaaa_60x60.png" server="ftp.spc-crm.com/public_html/" local="129470445060000000" remote="129526923600000000" />
<file name="ui-bg_flat_0_aaaaaa_40x100.png" server="ftp.spc-crm.com/public_html/" local="129508225720000000" remote="129526923600000000" />
<file name="ui-bg_flat_0_eeeeee_40x100.png" server="ftp.spc-crm.com/public_html/" local="129508225720000000" remote="129526923600000000" />
<file name="ui-bg_flat_55_fbec88_40x100.png" server="ftp.spc-crm.com/public_html/" local="129470444920000000" remote="129526923600000000" />
<file name="ui-bg_flat_55_ffffff_40x100.png" server="ftp.spc-crm.com/public_html/" local="129508225720000000" remote="129526923600000000" />
<file name="ui-bg_flat_75_aaaaaa_40x100.png" server="ftp.spc-crm.com/public_html/" local="129353788700000000" remote="129526923600000000" />
<file name="ui-bg_flat_75_ffffff_40x100.png" server="ftp.spc-crm.com/public_html/" local="129508225720000000" remote="129526923600000000" />
<file name="ui-bg_glass_65_ffffff_1x400.png" server="ftp.spc-crm.com/public_html/" local="129508225720000000" remote="129526923600000000" />
<file name="ui-bg_glass_75_d0e5f5_1x400.png" server="ftp.spc-crm.com/public_html/" local="129470444920000000" remote="129526923600000000" />
<file name="ui-bg_glass_85_dfeffc_1x400.png" server="ftp.spc-crm.com/public_html/" local="129470444920000000" remote="129526923600000000" />
<file name="ui-bg_glass_95_fef1ec_1x400.png" server="ftp.spc-crm.com/public_html/" local="129470444920000000" remote="129526923600000000" />
<file name="ui-bg_gloss-wave_55_5c9ccc_500x100.png" server="ftp.spc-crm.com/public_html/" local="129353778760000000" remote="129526923600000000" />
<file name="ui-bg_highlight-soft_100_f6f6f6_1x100.png" server="ftp.spc-crm.com/public_html/" local="129505592200000000" remote="129526923600000000" />
<file name="ui-bg_highlight-soft_25_0073ea_1x100.png" server="ftp.spc-crm.com/public_html/" local="129508225720000000" remote="129526923600000000" />
<file name="ui-bg_highlight-soft_50_dddddd_1x100.png" server="ftp.spc-crm.com/public_html/" local="129508225720000000" remote="129526923600000000" />
<file name="ui-bg_highlight-soft_55_5c9ccc_1x100.png" server="ftp.spc-crm.com/public_html/" local="129470444920000000" remote="129526923600000000" />
<file name="ui-bg_inset-hard_100_f5f8f9_1x100.png" server="ftp.spc-crm.com/public_html/" local="129470444920000000" remote="129526923600000000" />
<file name="ui-bg_inset-hard_100_fcfdfd_1x100.png" server="ftp.spc-crm.com/public_html/" local="129470444920000000" remote="129526923600000000" />
<file name="ui-bg_inset-hard_80_f6f6f6_1x100.png" server="ftp.spc-crm.com/public_html/" local="129508225720000000" remote="129526923600000000" />
<file name="ui-bg_spotlight_0_aaaaaa_600x600.png" server="ftp.spc-crm.com/public_html/" local="129470445060000000" remote="129526923600000000" />
<file name="ui-icons_0073ea_256x240.png" server="ftp.spc-crm.com/public_html/" local="129508225720000000" remote="129526923600000000" />
<file name="ui-icons_056b93_256x240.png" server="ftp.spc-crm.com/public_html/" local="129353778020000000" remote="129526923600000000" />
<file name="ui-icons_217bc0_256x240.png" server="ftp.spc-crm.com/public_html/" local="129470444940000000" remote="129526923600000000" />
<file name="ui-icons_2e83ff_256x240.png" server="ftp.spc-crm.com/public_html/" local="129470444960000000" remote="129526923600000000" />
<file name="ui-icons_454545_256x240.png" server="ftp.spc-crm.com/public_html/" local="129508225720000000" remote="129526924200000000" />
<file name="ui-icons_469bdd_256x240.png" server="ftp.spc-crm.com/public_html/" local="129470444940000000" remote="129526924200000000" />
<file name="ui-icons_666666_256x240.png" server="ftp.spc-crm.com/public_html/" local="129508225720000000" remote="129526924200000000" />
<file name="ui-icons_6da8d5_256x240.png" server="ftp.spc-crm.com/public_html/" local="129470444940000000" remote="129526924200000000" />
<file name="ui-icons_cd0a0a_256x240.png" server="ftp.spc-crm.com/public_html/" local="129470444960000000" remote="129526924200000000" />
<file name="ui-icons_d8e7f3_256x240.png" server="ftp.spc-crm.com/public_html/" local="129470444940000000" remote="129526924200000000" />
<file name="ui-icons_f9bd01_256x240.png" server="ftp.spc-crm.com/public_html/" local="129470444960000000" remote="129526924200000000" />
<file name="ui-icons_ff0084_256x240.png" server="ftp.spc-crm.com/public_html/" local="129508225720000000" remote="129526924200000000" />
<file name="ui-icons_ffffff_256x240.png" server="ftp.spc-crm.com/public_html/" local="129508225720000000" remote="129526924200000000" />
</dwsync>