<?xml version="1.0" encoding="utf-8" ?>
<dwsync>
<file name="column_render.html" server="ftp.spc-crm.com/public_html/" local="129435414000000000" remote="129527070600000000" />
<file name="complex_header.html" server="ftp.spc-crm.com/public_html/" local="129435414000000000" remote="129527070600000000" />
<file name="dom_multiple_elements.html" server="ftp.spc-crm.com/public_html/" local="129435414000000000" remote="129527070600000000" />
<file name="dom_toolbar.html" server="ftp.spc-crm.com/public_html/" local="129435414000000000" remote="129527070600000000" />
<file name="events_post_init.html" server="ftp.spc-crm.com/public_html/" local="129435414000000000" remote="129527071200000000" />
<file name="events_pre_init.html" server="ftp.spc-crm.com/public_html/" local="129435414000000000" remote="129527071200000000" />
<file name="footer_callback.html" server="ftp.spc-crm.com/public_html/" local="129435414000000000" remote="129527071200000000" />
<file name="highlight.html" server="ftp.spc-crm.com/public_html/" local="129435414000000000" remote="129527071800000000" />
<file name="html_sort.html" server="ftp.spc-crm.com/public_html/" local="129435414000000000" remote="129527071800000000" />
<file name="language_file.html" server="ftp.spc-crm.com/public_html/" local="129435414000000000" remote="129527071800000000" />
<file name="length_menu.html" server="ftp.spc-crm.com/public_html/" local="129435414000000000" remote="129527071800000000" />
<file name="row_callback.html" server="ftp.spc-crm.com/public_html/" local="129435414000000000" remote="129527072400000000" />
<file name="row_grouping.html" server="ftp.spc-crm.com/public_html/" local="129435414000000000" remote="129527072400000000" />
<file name="sorting_control.html" server="ftp.spc-crm.com/public_html/" local="129435414000000000" remote="129527072400000000" />
</dwsync>