<?xml version="1.0" encoding="utf-8" ?>
<dwsync>
<file name="CompleteResponseEvent.as" server="119.235.18.7//sites/cnplus.biz/www/cnplus-c2ms/" local="128704228340000000" remote="129460150800000000" />
<file name="SocketHelper.as" server="119.235.18.7//sites/cnplus.biz/www/cnplus-c2ms/" local="128704228340000000" remote="129460150800000000" />
<file name="CompleteResponseEvent.as" server="pilarpresisi.com//public_html/" local="128704228340000000" remote="129502561200000000" />
<file name="SocketHelper.as" server="pilarpresisi.com//public_html/" local="128704228340000000" remote="129502561200000000" />
<file name="CompleteResponseEvent.as" server="D:/Project/xampp/htdocs/spc_crm/" local="128704228340000000" remote="128704228340000000" />
<file name="SocketHelper.as" server="D:/Project/xampp/htdocs/spc_crm/" local="128704228340000000" remote="128704228340000000" />
<file name="CompleteResponseEvent.as" server="cnplus.biz/sites/cnplus.biz/www/spc-crm/" local="128704228340000000" remote="129515377800000000" />
<file name="SocketHelper.as" server="cnplus.biz/sites/cnplus.biz/www/spc-crm/" local="128704228340000000" remote="129515377800000000" />
<file name="CompleteResponseEvent.as" server="ftp.spc-crm.com/public_html/" local="128704228340000000" remote="129527068800000000" />
<file name="SocketHelper.as" server="ftp.spc-crm.com/public_html/" local="128704228340000000" remote="129527068800000000" />
</dwsync>