<?xml version="1.0" encoding="utf-8" ?>
<dwsync>
<file name="add_row.html" server="ftp.spc-crm.com/public_html/" local="129435414000000000" remote="129527073000000000" />
<file name="api_in_init.html" server="ftp.spc-crm.com/public_html/" local="129435414000000000" remote="129527073000000000" />
<file name="counter_column.html" server="ftp.spc-crm.com/public_html/" local="129435414000000000" remote="129527073000000000" />
<file name="editable.html" server="ftp.spc-crm.com/public_html/" local="129435414000000000" remote="129527073600000000" />
<file name="form.html" server="ftp.spc-crm.com/public_html/" local="129435414000000000" remote="129527073600000000" />
<file name="highlight.html" server="ftp.spc-crm.com/public_html/" local="129435414000000000" remote="129527073600000000" />
<file name="multi_filter.html" server="ftp.spc-crm.com/public_html/" local="129435414000000000" remote="129527074200000000" />
<file name="multi_filter_select.html" server="ftp.spc-crm.com/public_html/" local="129435414000000000" remote="129527074200000000" />
<file name="regex.html" server="ftp.spc-crm.com/public_html/" local="129435414000000000" remote="129527074200000000" />
<file name="row_details.html" server="ftp.spc-crm.com/public_html/" local="129435414000000000" remote="129527074800000000" />
<file name="select_row.html" server="ftp.spc-crm.com/public_html/" local="129435414000000000" remote="129527074800000000" />
<file name="select_single_row.html" server="ftp.spc-crm.com/public_html/" local="129435414000000000" remote="129527074800000000" />
<file name="show_hide.html" server="ftp.spc-crm.com/public_html/" local="129435414000000000" remote="129527074800000000" />
<file name="tabs_and_scrolling.html" server="ftp.spc-crm.com/public_html/" local="129435414000000000" remote="129527075400000000" />
</dwsync>