<?xml version="1.0" encoding="utf-8" ?>
<dwsync>
<file name="Address.as" server="119.235.18.7//sites/cnplus.biz/www/cnplus-c2ms/" local="128704228340000000" remote="129460150200000000" />
<file name="Email.as" server="119.235.18.7//sites/cnplus.biz/www/cnplus-c2ms/" local="128704228340000000" remote="129460150200000000" />
<file name="Phone.as" server="119.235.18.7//sites/cnplus.biz/www/cnplus-c2ms/" local="128704228340000000" remote="129460150200000000" />
<file name="VCard.as" server="119.235.18.7//sites/cnplus.biz/www/cnplus-c2ms/" local="128704228340000000" remote="129460150200000000" />
<file name="VCardParser.as" server="119.235.18.7//sites/cnplus.biz/www/cnplus-c2ms/" local="128704228340000000" remote="129460150200000000" />
<file name="Address.as" server="pilarpresisi.com//public_html/" local="128704228340000000" remote="129502559400000000" />
<file name="Email.as" server="pilarpresisi.com//public_html/" local="128704228340000000" remote="129502559400000000" />
<file name="Phone.as" server="pilarpresisi.com//public_html/" local="128704228340000000" remote="129502559400000000" />
<file name="VCard.as" server="pilarpresisi.com//public_html/" local="128704228340000000" remote="129502560000000000" />
<file name="VCardParser.as" server="pilarpresisi.com//public_html/" local="128704228340000000" remote="129502560000000000" />
<file name="Address.as" server="D:/Project/xampp/htdocs/spc_crm/" local="128704228340000000" remote="128704228340000000" />
<file name="Email.as" server="D:/Project/xampp/htdocs/spc_crm/" local="128704228340000000" remote="128704228340000000" />
<file name="Phone.as" server="D:/Project/xampp/htdocs/spc_crm/" local="128704228340000000" remote="128704228340000000" />
<file name="VCard.as" server="D:/Project/xampp/htdocs/spc_crm/" local="128704228340000000" remote="128704228340000000" />
<file name="VCardParser.as" server="D:/Project/xampp/htdocs/spc_crm/" local="128704228340000000" remote="128704228340000000" />
<file name="Address.as" server="cnplus.biz/sites/cnplus.biz/www/spc-crm/" local="128704228340000000" remote="129515377200000000" />
<file name="Email.as" server="cnplus.biz/sites/cnplus.biz/www/spc-crm/" local="128704228340000000" remote="129515377200000000" />
<file name="Phone.as" server="cnplus.biz/sites/cnplus.biz/www/spc-crm/" local="128704228340000000" remote="129515377200000000" />
<file name="VCard.as" server="cnplus.biz/sites/cnplus.biz/www/spc-crm/" local="128704228340000000" remote="129515377200000000" />
<file name="VCardParser.as" server="cnplus.biz/sites/cnplus.biz/www/spc-crm/" local="128704228340000000" remote="129515377200000000" />
<file name="Address.as" server="ftp.spc-crm.com/public_html/" local="128704228340000000" remote="129527066400000000" />
<file name="Email.as" server="ftp.spc-crm.com/public_html/" local="128704228340000000" remote="129527066400000000" />
<file name="Phone.as" server="ftp.spc-crm.com/public_html/" local="128704228340000000" remote="129527066400000000" />
<file name="VCard.as" server="ftp.spc-crm.com/public_html/" local="128704228340000000" remote="129527066400000000" />
<file name="VCardParser.as" server="ftp.spc-crm.com/public_html/" local="128704228340000000" remote="129527067000000000" />
</dwsync>