<?xml version="1.0" encoding="utf-8" ?>
<dwsync>
<file name="Database.as" server="119.235.18.7//sites/cnplus.biz/www/cnplus-c2ms/" local="128704228340000000" remote="129460150800000000" />
<file name="Definition.as" server="119.235.18.7//sites/cnplus.biz/www/cnplus-c2ms/" local="128704228340000000" remote="129460150800000000" />
<file name="Dict.as" server="119.235.18.7//sites/cnplus.biz/www/cnplus-c2ms/" local="128704228340000000" remote="129460150800000000" />
<file name="DictionaryServer.as" server="119.235.18.7//sites/cnplus.biz/www/cnplus-c2ms/" local="128704228340000000" remote="129460150800000000" />
<file name="MatchStrategy.as" server="119.235.18.7//sites/cnplus.biz/www/cnplus-c2ms/" local="128704228340000000" remote="129460150800000000" />
<file name="Response.as" server="119.235.18.7//sites/cnplus.biz/www/cnplus-c2ms/" local="128704228340000000" remote="129460150800000000" />
<file name="Database.as" server="pilarpresisi.com//public_html/" local="128704228340000000" remote="129502560600000000" />
<file name="Definition.as" server="pilarpresisi.com//public_html/" local="128704228340000000" remote="129502560600000000" />
<file name="Dict.as" server="pilarpresisi.com//public_html/" local="128704228340000000" remote="129502560600000000" />
<file name="DictionaryServer.as" server="pilarpresisi.com//public_html/" local="128704228340000000" remote="129502560600000000" />
<file name="MatchStrategy.as" server="pilarpresisi.com//public_html/" local="128704228340000000" remote="129502561200000000" />
<file name="Response.as" server="pilarpresisi.com//public_html/" local="128704228340000000" remote="129502561200000000" />
<file name="Database.as" server="D:/Project/xampp/htdocs/spc_crm/" local="128704228340000000" remote="128704228340000000" />
<file name="Definition.as" server="D:/Project/xampp/htdocs/spc_crm/" local="128704228340000000" remote="128704228340000000" />
<file name="Dict.as" server="D:/Project/xampp/htdocs/spc_crm/" local="128704228340000000" remote="128704228340000000" />
<file name="DictionaryServer.as" server="D:/Project/xampp/htdocs/spc_crm/" local="128704228340000000" remote="128704228340000000" />
<file name="MatchStrategy.as" server="D:/Project/xampp/htdocs/spc_crm/" local="128704228340000000" remote="128704228340000000" />
<file name="Response.as" server="D:/Project/xampp/htdocs/spc_crm/" local="128704228340000000" remote="128704228340000000" />
<file name="Database.as" server="cnplus.biz/sites/cnplus.biz/www/spc-crm/" local="128704228340000000" remote="129515377800000000" />
<file name="Definition.as" server="cnplus.biz/sites/cnplus.biz/www/spc-crm/" local="128704228340000000" remote="129515377800000000" />
<file name="Dict.as" server="cnplus.biz/sites/cnplus.biz/www/spc-crm/" local="128704228340000000" remote="129515377800000000" />
<file name="DictionaryServer.as" server="cnplus.biz/sites/cnplus.biz/www/spc-crm/" local="128704228340000000" remote="129515377800000000" />
<file name="MatchStrategy.as" server="cnplus.biz/sites/cnplus.biz/www/spc-crm/" local="128704228340000000" remote="129515377800000000" />
<file name="Response.as" server="cnplus.biz/sites/cnplus.biz/www/spc-crm/" local="128704228340000000" remote="129515377800000000" />
<file name="Database.as" server="ftp.spc-crm.com/public_html/" local="128704228340000000" remote="129527068200000000" />
<file name="Definition.as" server="ftp.spc-crm.com/public_html/" local="128704228340000000" remote="129527068200000000" />
<file name="Dict.as" server="ftp.spc-crm.com/public_html/" local="128704228340000000" remote="129527068200000000" />
<file name="DictionaryServer.as" server="ftp.spc-crm.com/public_html/" local="128704228340000000" remote="129527068200000000" />
<file name="MatchStrategy.as" server="ftp.spc-crm.com/public_html/" local="128704228340000000" remote="129527068800000000" />
<file name="Response.as" server="ftp.spc-crm.com/public_html/" local="128704228340000000" remote="129527068800000000" />
</dwsync>