<?xml version="1.0" encoding="utf-8" ?>
<dwsync>
<file name="ConnectedEvent.as" server="119.235.18.7//sites/cnplus.biz/www/cnplus-c2ms/" local="128704228340000000" remote="129460150800000000" />
<file name="DatabaseEvent.as" server="119.235.18.7//sites/cnplus.biz/www/cnplus-c2ms/" local="128704228340000000" remote="129460150800000000" />
<file name="DefinitionEvent.as" server="119.235.18.7//sites/cnplus.biz/www/cnplus-c2ms/" local="128704228340000000" remote="129460150800000000" />
<file name="DefinitionHeaderEvent.as" server="119.235.18.7//sites/cnplus.biz/www/cnplus-c2ms/" local="128704228340000000" remote="129460150800000000" />
<file name="DictionaryServerEvent.as" server="119.235.18.7//sites/cnplus.biz/www/cnplus-c2ms/" local="128704228340000000" remote="129460150800000000" />
<file name="DisconnectedEvent.as" server="119.235.18.7//sites/cnplus.biz/www/cnplus-c2ms/" local="128704228340000000" remote="129460150800000000" />
<file name="ErrorEvent.as" server="119.235.18.7//sites/cnplus.biz/www/cnplus-c2ms/" local="128704228340000000" remote="129460150800000000" />
<file name="MatchEvent.as" server="119.235.18.7//sites/cnplus.biz/www/cnplus-c2ms/" local="128704228340000000" remote="129460150800000000" />
<file name="MatchStrategiesEvent.as" server="119.235.18.7//sites/cnplus.biz/www/cnplus-c2ms/" local="128704228340000000" remote="129460150800000000" />
<file name="NoMatchEvent.as" server="119.235.18.7//sites/cnplus.biz/www/cnplus-c2ms/" local="128704228340000000" remote="129460150800000000" />
<file name="ConnectedEvent.as" server="pilarpresisi.com//public_html/" local="128704228340000000" remote="129502560600000000" />
<file name="DatabaseEvent.as" server="pilarpresisi.com//public_html/" local="128704228340000000" remote="129502560600000000" />
<file name="DefinitionEvent.as" server="pilarpresisi.com//public_html/" local="128704228340000000" remote="129502560600000000" />
<file name="DefinitionHeaderEvent.as" server="pilarpresisi.com//public_html/" local="128704228340000000" remote="129502560600000000" />
<file name="DictionaryServerEvent.as" server="pilarpresisi.com//public_html/" local="128704228340000000" remote="129502560600000000" />
<file name="DisconnectedEvent.as" server="pilarpresisi.com//public_html/" local="128704228340000000" remote="129502561200000000" />
<file name="ErrorEvent.as" server="pilarpresisi.com//public_html/" local="128704228340000000" remote="129502561200000000" />
<file name="MatchEvent.as" server="pilarpresisi.com//public_html/" local="128704228340000000" remote="129502561200000000" />
<file name="MatchStrategiesEvent.as" server="pilarpresisi.com//public_html/" local="128704228340000000" remote="129502561200000000" />
<file name="NoMatchEvent.as" server="pilarpresisi.com//public_html/" local="128704228340000000" remote="129502561200000000" />
<file name="ConnectedEvent.as" server="D:/Project/xampp/htdocs/spc_crm/" local="128704228340000000" remote="128704228340000000" />
<file name="DatabaseEvent.as" server="D:/Project/xampp/htdocs/spc_crm/" local="128704228340000000" remote="128704228340000000" />
<file name="DefinitionEvent.as" server="D:/Project/xampp/htdocs/spc_crm/" local="128704228340000000" remote="128704228340000000" />
<file name="DefinitionHeaderEvent.as" server="D:/Project/xampp/htdocs/spc_crm/" local="128704228340000000" remote="128704228340000000" />
<file name="DictionaryServerEvent.as" server="D:/Project/xampp/htdocs/spc_crm/" local="128704228340000000" remote="128704228340000000" />
<file name="DisconnectedEvent.as" server="D:/Project/xampp/htdocs/spc_crm/" local="128704228340000000" remote="128704228340000000" />
<file name="ErrorEvent.as" server="D:/Project/xampp/htdocs/spc_crm/" local="128704228340000000" remote="128704228340000000" />
<file name="MatchEvent.as" server="D:/Project/xampp/htdocs/spc_crm/" local="128704228340000000" remote="128704228340000000" />
<file name="MatchStrategiesEvent.as" server="D:/Project/xampp/htdocs/spc_crm/" local="128704228340000000" remote="128704228340000000" />
<file name="NoMatchEvent.as" server="D:/Project/xampp/htdocs/spc_crm/" local="128704228340000000" remote="128704228340000000" />
<file name="ConnectedEvent.as" server="cnplus.biz/sites/cnplus.biz/www/spc-crm/" local="128704228340000000" remote="129515377800000000" />
<file name="DatabaseEvent.as" server="cnplus.biz/sites/cnplus.biz/www/spc-crm/" local="128704228340000000" remote="129515377800000000" />
<file name="DefinitionEvent.as" server="cnplus.biz/sites/cnplus.biz/www/spc-crm/" local="128704228340000000" remote="129515377800000000" />
<file name="DefinitionHeaderEvent.as" server="cnplus.biz/sites/cnplus.biz/www/spc-crm/" local="128704228340000000" remote="129515377800000000" />
<file name="DictionaryServerEvent.as" server="cnplus.biz/sites/cnplus.biz/www/spc-crm/" local="128704228340000000" remote="129515377800000000" />
<file name="DisconnectedEvent.as" server="cnplus.biz/sites/cnplus.biz/www/spc-crm/" local="128704228340000000" remote="129515377800000000" />
<file name="ErrorEvent.as" server="cnplus.biz/sites/cnplus.biz/www/spc-crm/" local="128704228340000000" remote="129515377800000000" />
<file name="MatchEvent.as" server="cnplus.biz/sites/cnplus.biz/www/spc-crm/" local="128704228340000000" remote="129515377800000000" />
<file name="MatchStrategiesEvent.as" server="cnplus.biz/sites/cnplus.biz/www/spc-crm/" local="128704228340000000" remote="129515377800000000" />
<file name="NoMatchEvent.as" server="cnplus.biz/sites/cnplus.biz/www/spc-crm/" local="128704228340000000" remote="129515377800000000" />
<file name="ConnectedEvent.as" server="ftp.spc-crm.com/public_html/" local="128704228340000000" remote="129527068200000000" />
<file name="DatabaseEvent.as" server="ftp.spc-crm.com/public_html/" local="128704228340000000" remote="129527068200000000" />
<file name="DefinitionEvent.as" server="ftp.spc-crm.com/public_html/" local="128704228340000000" remote="129527068200000000" />
<file name="DefinitionHeaderEvent.as" server="ftp.spc-crm.com/public_html/" local="128704228340000000" remote="129527068200000000" />
<file name="DictionaryServerEvent.as" server="ftp.spc-crm.com/public_html/" local="128704228340000000" remote="129527068200000000" />
<file name="DisconnectedEvent.as" server="ftp.spc-crm.com/public_html/" local="128704228340000000" remote="129527068200000000" />
<file name="ErrorEvent.as" server="ftp.spc-crm.com/public_html/" local="128704228340000000" remote="129527068200000000" />
<file name="MatchEvent.as" server="ftp.spc-crm.com/public_html/" local="128704228340000000" remote="129527068200000000" />
<file name="MatchStrategiesEvent.as" server="ftp.spc-crm.com/public_html/" local="128704228340000000" remote="129527068800000000" />
<file name="NoMatchEvent.as" server="ftp.spc-crm.com/public_html/" local="128704228340000000" remote="129527068800000000" />
</dwsync>